{
  "accuracy": [
    0.4254484176635742,
    0.613415539264679,
    0.6728326082229614,
    0.7001121044158936,
    0.7120702266693115,
    0.7296338081359863,
    0.7432735562324524,
    0.7470104694366455,
    0.7580344080924988,
    0.7600896954536438,
    0.5822122693061829,
    0.6662929654121399,
    0.7116965651512146,
    0.7260836958885193,
    0.7393497824668884,
    0.759902834892273
  ],
  "loss": [
    1.6379531621932983,
    1.080504059791565,
    0.9174256324768066,
    0.8430103659629822,
    0.7941122651100159,
    0.7635316848754883,
    0.734592616558075,
    0.6943681240081787,
    0.6756208539009094,
    0.6625036597251892,
    1.3339389562606812,
    0.9496224522590637,
    0.8023272752761841,
    0.7367978692054749,
    0.6984593868255615,
    0.6664486527442932
  ],
  "val_accuracy": [
    0.6096096038818359,
    0.704954981803894,
    0.7357357144355774,
    0.7717717885971069,
    0.7762762904167175,
    0.7860360145568848,
    0.782282292842865,
    0.804804801940918,
    0.7357357144355774,
    0.7972972989082336,
    0.7537537813186646,
    0.7687687873840332,
    0.7777777910232544,
    0.7935435175895691,
    0.7942942976951599,
    0.7912912964820862
  ],
  "val_loss": [
    1.1166982650756836,
    0.900647759437561,
    0.7934337258338928,
    0.7364711761474609,
    0.6971757411956787,
    0.652737021446228,
    0.6535131931304932,
    0.6198980212211609,
    0.7590804696083069,
    0.624954104423523,
    0.7170315980911255,
    0.7390143275260925,
    0.7286199331283569,
    0.6548563241958618,
    0.6326321363449097,
    0.6262996196746826
  ],
  "learning_rate": [
    0.0010000000474974513,
    0.0010000000474974513,
    0.0010000000474974513,
    0.0010000000474974513,
    0.0010000000474974513,
    0.0010000000474974513,
    0.0010000000474974513,
    0.0010000000474974513,
    0.0010000000474974513,
    0.0010000000474974513,
    9.999999747378752e-06,
    9.999999747378752e-06,
    9.999999747378752e-06,
    4.999999873689376e-06,
    4.999999873689376e-06,
    4.999999873689376e-06
  ]
}